DMV_ID,date,stock_all_t,stock_ev_t,flow_ev_t,gas_price_t,elec_price_t,C_gas_t,C_ev_t,tco_adv_t,adopt_ev_t,adopt_ev_cum_t,adopt_ev_cum_prev
11,2018-01-02,2357789,8011,556,2.633,0.19915455365193868,0.09403571428571429,0.0597463660955816,0.03428934819013269,556.0,11320.0,10764.0
12,2018-03-05,2358945,8430,606,2.641,0.1957980162308386,0.09432142857142857,0.058739404869251576,0.035582023702176994,606.0,11926.0,11320.0
13,2018-04-03,2369912,8668,345,2.831,0.2013922452660054,0.10110714285714285,0.06041767357980162,0.04068946927734123,345.0,12271.0,11926.0
14,2018-05-09,2356484,8901,327,3.008,0.20698647430117223,0.10742857142857143,0.06209594229035167,0.04533262913821976,327.0,12598.0,12271.0
15,2018-06-26,2377120,9162,350,2.993,0.21593724075743914,0.10689285714285714,0.06478117222723175,0.04211168491562539,350.0,12948.0,12598.0
16,2018-07-03,2391953,9424,388,2.931,0.21705608656447248,0.10467857142857143,0.06511682596934174,0.03956174545922969,388.0,13336.0,12948.0
17,2018-08-02,2399194,9599,311,2.905,0.21258070333633902,0.10375,0.0637742110009017,0.03997578899909829,311.0,13647.0,13336.0
18,2018-09-02,2405408,9887,437,2.891,0.21593724075743914,0.10325,0.06478117222723175,0.03846882777276825,437.0,14084.0,13647.0
19,2018-10-02,2404711,10213,496,2.897,0.21593724075743914,0.1034642857142857,0.06478117222723175,0.03868311348705396,496.0,14580.0,14084.0
20,2018-11-02,2405849,10649,557,2.753,0.2036299368800721,0.09832142857142857,0.06108898106402163,0.037232447507406945,557.0,15137.0,14580.0
21,2018-12-02,2413914,11074,584,2.562,0.1935603246167719,0.0915,0.05806809738503156,0.03343190261496844,584.0,15721.0,15137.0
22,2019-01-02,2372933,11601,707,2.42,0.19724902143522838,0.08642857142857142,0.05917470643056851,0.027253864998002912,707.0,16428.0,15721.0
23,2019-02-02,2379260,11978,533,2.378,0.20066952469711094,0.08492857142857144,0.06020085740913328,0.024727714019438157,533.0,16961.0,16428.0
24,2019-03-02,2378009,12155,317,2.547,0.19154818266542406,0.09096428571428572,0.05746445479962722,0.0334998309146585,317.0,17278.0,16961.0
25,2019-04-02,2381357,12376,392,2.79,0.19952935694315005,0.09964285714285714,0.05985880708294501,0.03978405005991213,392.0,17670.0,17278.0
26,2019-05-02,2372745,12645,396,2.937,0.19724902143522838,0.10489285714285713,0.05917470643056851,0.04571815071228862,396.0,18066.0,17670.0
27,2019-06-02,2391508,12861,357,2.798,0.21093103448275863,0.09992857142857144,0.06327931034482759,0.03664926108374385,357.0,18423.0,18066.0
28,2019-07-02,2400190,13158,480,2.805,0.2120712022367195,0.10017857142857144,0.06362136067101584,0.036557210757555594,480.0,18903.0,18423.0
29,2019-08-02,2403253,13404,463,2.747,0.20979086672879774,0.09810714285714285,0.06293726001863932,0.03516988283850353,463.0,19366.0,18903.0
30,2019-09-03,2407851,13566,364,2.617,0.21321136999068036,0.09346428571428571,0.06396341099720411,0.0295008747170816,364.0,19730.0,19366.0
31,2019-10-11,2407378,13842,454,2.542,0.2120712022367195,0.09078571428571428,0.06362136067101584,0.027164353614698433,454.0,20184.0,19730.0
32,2019-11-02,2409946,14096,462,2.565,0.20523019571295437,0.09160714285714286,0.06156905871388631,0.030038084143256552,462.0,20646.0,20184.0
33,2019-12-02,2409784,14278,373,2.553,0.19724902143522838,0.09117857142857143,0.05917470643056851,0.032003864998002916,373.0,21019.0,20646.0
34,2020-01-02,2364874,14616,541,2.59,0.2038973612374886,0.0925,0.06116920837124658,0.03133079162875342,541.0,21560.0,21019.0
35,2020-02-02,2375367,14888,461,2.455,0.2015803457688808,0.08767857142857143,0.06047410373066423,0.027204467697907193,461.0,22021.0,21560.0
36,2020-03-02,2371155,15074,350,2.309,0.19926333030027293,0.08246428571428573,0.05977899909008188,0.022685286624203847,350.0,22371.0,22021.0
37,2020-04-02,2367542,15209,344,2.074,0.20042183803457686,0.07407142857142857,0.060126551410373055,0.01394487716105551,344.0,22715.0,22371.0
38,2020-05-04,2338374,15340,267,2.043,0.21432393084622384,0.07296428571428572,0.06429717925386715,0.008667106460418572,267.0,22982.0,22715.0
39,2020-06-02,2333444,15327,159,2.112,0.2212749772520473,0.07542857142857143,0.06638249317561419,0.009046078252957238,159.0,23141.0,22982.0
40,2020-07-02,2338125,15482,362,2.143,0.21664094631483163,0.07653571428571428,0.06499228389444948,0.011543430391264792,362.0,23503.0,23141.0
41,2020-08-02,2351228,15813,527,2.129,0.21316542311191988,0.07603571428571429,0.06394962693357596,0.012086087352138328,527.0,24030.0,23503.0
42,2020-09-02,2353226,15983,363,2.122,0.22011646951774338,0.07578571428571428,0.06603494085532301,0.009750773430391269,363.0,24393.0,24030.0
43,2020-10-02,2357730,16414,702,2.078,0.22359199272065514,0.0742142857142857,0.06707759781619654,0.007136687898089161,702.0,25095.0,24393.0
44,2020-11-02,2375947,17244,992,2.05,0.22011646951774338,0.0732142857142857,0.06603494085532301,0.007179344858962697,992.0,26087.0,25095.0
45,2020-12-02,2383010,17530,494,2.137,0.21200691537761598,0.07632142857142857,0.06360207461328479,0.012719353958143775,494.0,26581.0,26087.0
46,2021-01-12,2342867,17912,608,2.316,0.20791814671814673,0.08271428571428571,0.062375444015444016,0.020338841698841696,608.0,27189.0,26581.0
47,2021-02-01,2351406,18775,1135,2.498,0.2135989703989704,0.08921428571428572,0.06407969111969113,0.025134594594594592,1135.0,28324.0,27189.0
48,2021-03-02,2347912,19036,454,2.754,0.20450965250965253,0.09835714285714285,0.06135289575289576,0.037004247104247094,454.0,28778.0,28324.0
49,2021-04-01,2359928,19764,1004,2.769,0.21019047619047618,0.09889285714285714,0.06305714285714285,0.03583571428571429,1004.0,29782.0,28778.0
50,2021-05-01,2506566,20312,767,2.937,0.2260967824967825,0.10489285714285713,0.06782903474903475,0.03706382239382239,767.0,30549.0,29782.0
51,2021-06-01,2518210,20923,832,3.027,0.22155212355212356,0.10810714285714286,0.06646563706563706,0.0416415057915058,832.0,31381.0,30549.0
52,2021-07-01,2544219,22381,1677,3.089,0.2226882882882883,0.11032142857142857,0.06680648648648649,0.04351494208494208,1677.0,33058.0,31381.0
53,2021-08-01,2556839,23082,830,3.101,0.2260967824967825,0.11075,0.06782903474903475,0.042920965250965254,830.0,33888.0,33058.0
54,2021-09-02,2561650,23876,1028,3.188,0.23291377091377094,0.11385714285714287,0.06987413127413128,0.043983011583011586,1028.0,34916.0,33888.0
55,2021-10-01,2574455,24726,1180,3.311,0.23404993564993568,0.11825,0.0702149806949807,0.0480350193050193,1180.0,36096.0,34916.0
56,2021-11-01,2576417,25289,768,3.458,0.22723294723294724,0.12350000000000001,0.06816988416988416,0.05533011583011585,768.0,36864.0,36096.0
57,2021-12-01,2579303,25868,845,3.387,0.22155212355212356,0.12096428571428572,0.06646563706563706,0.05449864864864866,845.0,37709.0,36864.0
58,2022-01-01,2532595,26725,1235,3.342,0.24019047619047618,0.11935714285714286,0.07205714285714285,0.04730000000000001,1235.0,38944.0,37709.0
59,2022-02-01,2538736,27132,633,3.607,0.2470530612244898,0.1288214285714286,0.07411591836734693,0.05470551020408165,633.0,39577.0,38944.0
60,2022-03-01,2537619,27798,960,4.252,0.22532154195011336,0.15185714285714286,0.067596462585034,0.08426068027210885,960.0,40537.0,39577.0
61,2022-04-01,2548486,28886,1349,4.014,0.2413342403628118,0.14335714285714288,0.07240027210884355,0.07095687074829933,1349.0,41886.0,40537.0
62,2022-05-01,2526616,29351,618,4.643,0.2504843537414966,0.16582142857142856,0.07514530612244898,0.09067612244897959,618.0,42504.0,41886.0
63,2022-06-01,2554566,30107,973,4.847,0.2562031746031746,0.17310714285714288,0.07686095238095238,0.0962461904761905,973.0,43477.0,42504.0
64,2022-07-01,2565484,31268,1387,4.49,0.2504843537414966,0.16035714285714286,0.07514530612244898,0.08521183673469389,1387.0,44864.0,43477.0
65,2022-08-01,2569650,31833,777,3.971,0.2424780045351474,0.14182142857142857,0.07274340136054422,0.06907802721088435,777.0,45641.0,44864.0
66,2022-09-01,2569034,32680,1138,3.456,0.27450340136054424,0.12342857142857143,0.08235102040816326,0.041077551020408165,1138.0,46779.0,45641.0
67,2022-10-02,2576987,33369,1186,3.453,0.266497052154195,0.12332142857142857,0.07994911564625849,0.043372312925170076,1186.0,47965.0,46779.0
68,2022-11-02,2412629,34150,992,3.68,0.2710721088435374,0.13142857142857142,0.08132163265306121,0.050106938775510215,992.0,48957.0,47965.0
69,2022-12-02,2412650,34780,1010,3.246,0.26077823129251704,0.11592857142857142,0.0782334693877551,0.03769510204081632,1010.0,49967.0,48957.0
70,2023-01-03,2413926,35523,1268,3.266,0.23740996128256214,0.11664285714285715,0.07122298838476863,0.04541986875808851,1268.0,51235.0,49967.0
71,2023-02-03,2410622,36535,1293,3.281,0.2377121377288276,0.11717857142857144,0.07131364131864827,0.045864930109923166,1293.0,52528.0,51235.0
72,2023-03-02,2406032,37494,1212,3.258,0.21333657106341392,0.11635714285714285,0.06400097131902417,0.05235617153811868,1212.0,53740.0,52528.0
73,2023-04-02,2408379,38445,1407,3.436,0.19953718001729126,0.1227142857142857,0.05986115400518738,0.06285313170909833,1407.0,55147.0,53740.0
74,2023-05-02,2393562,39583,1398,3.483,0.20618506183513138,0.12439285714285715,0.06185551855053941,0.06253733859231775,1398.0,56545.0,55147.0
75,2023-06-02,2409129,40880,1718,3.496,0.2178692177573958,0.12485714285714286,0.06536076532721874,0.05949637752992412,1718.0,58263.0,56545.0
76,2023-07-02,2419719,42248,1759,3.538,0.2243156486110589,0.12635714285714286,0.06729469458331767,0.05906244827382519,1759.0,60022.0,58263.0
77,2023-08-02,2418903,43988,2001,3.773,0.2249200015035898,0.13475,0.06747600045107693,0.06727399954892307,2001.0,62023.0,60022.0
78,2023-09-02,2418862,45486,1945,3.72,0.2339852948915536,0.13285714285714287,0.07019558846746607,0.0626615543896768,1945.0,63968.0,62023.0
79,2023-10-02,2420261,46958,2100,3.56,0.22864684434086383,0.12714285714285714,0.06859405330225915,0.05854880384059799,2100.0,66068.0,63968.0
80,2023-11-02,2420316,48707,1996,3.322,0.22884829530504078,0.11864285714285715,0.06865448859151223,0.04998836855134492,1996.0,68064.0,66068.0
81,2023-12-02,2420488,49878,1750,3.156,0.22683378566327106,0.11271428571428573,0.06805013569898131,0.04466415001530441,1750.0,69814.0,68064.0
82,2024-01-02,2421392,51525,2295,3.032,0.2369800637794466,0.10828571428571429,0.07109401913383398,0.03719169515188031,2295.0,72109.0,69814.0
83,2024-02-02,2415544,53432,2516,3.103,0.24496701985392455,0.11082142857142858,0.07349010595617736,0.037331322615251225,2516.0,74625.0,72109.0
84,2024-03-02,2400732,54193,1709,3.239,0.23900207797551698,0.11567857142857142,0.0717006233926551,0.04397794803591633,1709.0,76334.0,74625.0
85,2024-04-02,2398355,55440,2202,3.434,0.23222833041868124,0.12264285714285715,0.06966849912560437,0.05297435801725278,2202.0,78536.0,76334.0
86,2024-05-02,2375818,57631,2549,3.549,0.23859767513630292,0.12675,0.07157930254089087,0.05517069745910913,2549.0,81085.0,78536.0
87,2024-06-02,2392720,59202,2268,3.384,0.24779783972842306,0.12085714285714286,0.07433935191852692,0.04651779093861594,2268.0,83353.0,81085.0
88,2024-07-02,2408276,61661,2717,3.417,0.25285287521859895,0.12203571428571428,0.07585586256557968,0.0461798517201346,2717.0,86070.0,83353.0
89,2024-08-02,2411270,63377,2240,3.301,0.2548748894146693,0.11789285714285715,0.07646246682440079,0.041430390318456356,2240.0,88310.0,86070.0
90,2024-09-02,2413775,64858,2551,3.067,0.2525495730891884,0.10953571428571429,0.07576487192675652,0.033770842358957776,2551.0,90861.0,88310.0
91,2024-10-02,2413298,66154,2318,2.945,0.2525495730891884,0.10517857142857143,0.07576487192675652,0.02941369950181491,2318.0,93179.0,90861.0
92,2024-11-02,2416490,68172,2579,2.895,0.2496176525048864,0.10339285714285715,0.07488529575146592,0.028507561391391226,2579.0,95758.0,93179.0
93,2024-12-02,2416231,69738,2147,2.916,0.24638242979117378,0.10414285714285713,0.07391472893735213,0.03022812820550501,2147.0,97905.0,95758.0
94,2025-01-02,2419499,71754,2982,2.959,0.24638242979117378,0.10567857142857143,0.07391472893735213,0.0317638424912193,2982.0,100887.0,97905.0
95,2025-02-05,2420910,73714,2680,2.977,0.24638242979117378,0.10632142857142857,0.07391472893735213,0.03240669963407644,2680.0,103567.0,100887.0
96,2025-03-05,2417698,74860,1818,2.901,0.24638242979117378,0.10360714285714286,0.07391472893735213,0.02969241391979073,1818.0,105385.0,103567.0
97,2025-04-03,2416833,76171,2206,2.952,0.24638242979117378,0.10542857142857143,0.07391472893735213,0.0315138424912193,2206.0,107591.0,105385.0
98,2025-05-03,2410788,77835,2465,2.981,0.24638242979117378,0.1064642857142857,0.07391472893735213,0.03254955677693358,2465.0,110056.0,107591.0
99,2025-06-10,2414098,79103,2063,2.981,0.24638242979117378,0.1064642857142857,0.07391472893735213,0.03254955677693358,2063.0,112119.0,110056.0
100,2025-07-07,2421034,80431,2197,2.981,0.24638242979117378,0.1064642857142857,0.07391472893735213,0.03254955677693358,2197.0,114316.0,112119.0
101,2025-08-08,2426029,82366,2813,3.001,0.24638242979117378,0.10717857142857143,0.07391472893735213,0.0332638424912193,2813.0,117129.0,114316.0
102,2025-09-08,2428277,83863,2650,3.047,0.24638242979117378,0.10882142857142858,0.07391472893735213,0.03490669963407646,2650.0,119779.0,117129.0
